{
    "state-img2img_sampling": "DPM++ 2M Karras",
    "state-img2img_width": "512",
    "state-txt2img_height": "768",
    "state-txt2img_neg_prompt": "tripe breasts, breast echo, Asian, Japanese, Korean, Chinese, bad-handv4, blurry, logo, watermark, signature, cropped, out of frame, worst quality, low quality, jpeg artifacts, poorly lit, overexposed, underexposed, glitch, error, out of focus, (semi-realistic, cgi, 3d, render, sketch, cartoon, drawing, digital art, anime, manga:1.3), amateur, (poorly drawn hands, poorly drawn face:1.2), deformed iris, deformed pupils, morbid, duplicate, mutilated, extra fingers, mutated hands, poorly drawn eyes, mutation, deformed, dehydrated, bad anatomy, bad proportions, extra limbs, cloned face, disfigured, gross proportions, malformed limbs, missing arms, missing legs, extra arms, extra legs, fused fingers, too many fingers, long neck, incoherent,",
    "state-img2img_prompt": "<lora:realisticVaginasGodPussy_godpussy2Innie:1>",
    "state-txt2img_sampling": "DPM++ 2M Karras",
    "state-img2img_restore_faces": "true",
    "state-img2img_extra_networks": "true",
    "state-txt2img_steps": "16",
    "state-txt2img_styles": "NEG_NEW",
    "state-img2img_styles": "85mm_bokeh",
    "state-txt2img_hr_upscaler": "Latent",
    "state-txt2img_prompt": "gorgeous 24 year old woman, topless, gold panties, brown hair, feather bangs, eyeliner, hoop earrings, on beach, sunrise, 8k, best quality, masterpiece, ultra highres, analogue RAW DSLR  <lora:epiNoiseoffset_v2:0.4>,  <lora:LowRA:0.3> (medium pointy breasts), hands behind back, (smile:0.8)",
    "state-img2img_cfg_scale": "8",
    "state-txt2img_cfg_scale": "5.5",
    "state-txt2img_#script_list": "None",
    "state-txt2img_width": "512",
    "state-img2img_neg_prompt": "",
    "state-txt2img_batch_count": "1",
    "state-txt2img_extra_networks": "false",
    "state-img2img_height": "752",
    "state-txt2img_batch_size": "1",
    "state-img2img_seed": "-1",
    "state-img2img_steps": "20",
    "state-txt2img_seed": "-1",
    "state-txt2img_restore_faces": "true",
    "state-resize_mode": "Resize and fill",
    "state-img2img_batch_count": "6",
    "state-img2img_batch_size": "1",
    "state-img2img_denoising_strength": "1",
    "state-tab": "Extensions ",
    "state-img2img_#script_list": "None"
}